id,title,published_at_jst,duration
1685804533,初めまして！自己と家族と供物を紹介します！,2022-12-22T19:05:54,1m20s
1685826741,初めまして！自己と家族と供物を紹介します！,2022-12-22T20:09:34,3h33m7s
1686719839,初めまして！自己と家族と供物を紹介します！,2022-12-23T20:16:43,3h51m24s
1687506122,初めまして！自己と家族と供物を紹介します！,2022-12-24T15:04:45,20m22s
1687524506,闇ケーキ抽選会場,2022-12-24T15:45:38,9m30s
1687596219,闇ケーキ作ります,2022-12-24T19:10:49,4h4m48s
1689064344,闇ケーキ作ります,2022-12-26T18:54:36,3m44s
1690217188,闇ケーキ作ります,2022-12-28T03:01:23,2m38s
1692246685,おセンチブルなキャラメイキング,2022-12-30T05:38:13,38m48s
1694188222,おセンチブルなキャラメイキング,2023-01-01T08:11:00,1h32m6s
1707367939,あけおめ,2023-01-15T04:10:27,1h40m24s
1710741560,一瞬だけ,2023-01-18T12:16:03,1h14m24s
1718836969,荒れてます,2023-01-26T18:18:08,1h33m2s
1721899453,3秒！,2023-01-29T18:02:43,4h40m34s
1722952281,トイレ詰まり報告会場,2023-01-30T21:28:07,18m8s
1726772409,あおおおおおおおおおおおおおおおおおおおおおおおおおおおおおおおおおおおおおおおおおおおおおおおおおおおおおおおおおおおおおおおおおおおおおおおおおおおおおおおおおおおおん,2023-02-03T18:13:47,12m18s
1728193383,グッドアフタヌーン！ですわ～～～！！,2023-02-05T03:33:05,16m16s
1739861410,モンハンっぽい新作,2023-02-17T00:08:30,5h34m52s
1740134011,宇宙一うまい最速攻略,2023-02-17T05:44:53,9h9m14s
1743828638,AtomicHeartクリアーまでやり！たい！！！！,2023-02-20T23:50:56,27m26s
1743847123,AtomicHeartクリアーまでやり！たい！！！！,2023-02-21T00:19:18,12h20m26s
1744730032,AtomicHeartクリアーまでやり！たい！！！！,2023-02-21T21:53:09,10h48m50s
1745745982,AtomicHeartクリアーまでやり！たい！！！！,2023-02-22T23:36:45,6h9m38s
1746047751,AtomicHeartクリアーまでやり！たい！！！！,2023-02-23T05:47:48,3h24m12s
1746228582,進行不能バグ発生中HELPME!!! AtomicHeartクリアー,2023-02-23T09:12:26,2m0s
1746232303,進行不能バグ発生中HELPME!!! AtomicHeartクリアー,2023-02-23T09:16:40,1h27m28s
1746596105,進行不能バグ発生中HELPME!!! AtomicHeartクリアー,2023-02-23T19:21:35,6m6s
1752351896,進行不能バグいけるか試す,2023-03-01T14:53:46,19m52s
1753380150,AtomicHeart最終回！！！,2023-03-02T20:01:20,5h52m6s
1754301090,ダーク三國死にゲーやるぞ,2023-03-03T20:00:19,5h24m30s
1755196406,猿でもわかる三國志Wo Long: Fallen Dynasty ※チアーだめ！,2023-03-04T15:52:32,2h43m16s
1755260561,猿でもわかる三國志Wo Long: Fallen Dynasty ※チアーだめ！,2023-03-04T18:37:11,7h50m18s
1756209588,猿でもわかる三國志Wo Long: Fallen Dynasty ※チアーだめ！,2023-03-05T16:19:11,13h31m30s
1757234573,ビンビン三國志Wo Long: Fallen Dynasty ※チアーだめ！,2023-03-06T20:26:20,29m54s
1757402742,ビンビン三國志Wo Long: Fallen Dynasty ※チアーだめ！,2023-03-07T01:48:44,12m1s
1758123017,SANGOKUSHI Wo Long: Fallen Dynasty※チアー禁止,2023-03-07T20:02:34,9h26m50s
1760066474,SANGOKUSHI Wo Long: Fallen Dynasty※チアー禁止,2023-03-09T23:36:16,24m34s
1764779861,SANGOKUSHI Wo Long: Fallen Dynasty※チアー禁止,2023-03-14T17:25:21,1h4m2s
1764798596,ワオーーーーーン！,2023-03-14T18:29:52,1h13m8s
1770510549,最終テスト！これでダメなら〇までセンブリ茶,2023-03-20T20:06:05,4m24s
1770513135,最終テスト！これでダメなら〇までセンブリ茶,2023-03-20T20:13:41,2h52m20s
1779763579,復ッ活ッッッ！！！！！！！！！！！！！！,2023-03-30T20:00:12,1h36m26s
1780704526,なんでも答える配信,2023-03-31T21:58:38,2h12m6s
1781527844,キレたらセンブリLoL【soloQ】,2023-04-01T16:16:35,4h18m26s
1782434853,恐竜レース特訓！プロに走り方教えてもらう！！！,2023-04-02T14:00:50,50m28s
1782459596,恐竜レース特訓！プロに走り方教えてもらう！！！,2023-04-02T14:52:01,14m19s
1782568386,ウサインボルトになった感想！！！！！！,2023-04-02T19:41:10,1h24m18s
1783475197,PIZZA TIME!!!!!!!!!!!!!!!!!!!!,2023-04-03T20:06:47,18m50s
1783482817,PIZZA TIME!!!!!!!!!!!!!!!!!!!!,2023-04-03T20:28:44,3h59m14s
1785254995,祝ミニ収益達成！Pineapple on pizza,2023-04-05T20:00:25,5h49m58s
1786156459,Placement確定SoloQ！！！！！！,2023-04-06T20:08:13,2h36m28s
1787075139,IQが高いポテト作る！！！！！！！,2023-04-07T20:04:03,28m50s
1787086938,GoogleMap 視聴者オススメめぐりの旅！！！！！！！！,2023-04-07T20:33:08,5h22m56s
1787987014,BiohazardRE4完全初見プレイ,2023-04-08T17:19:13,3h46m26s
1788076014,BiohazardRE4完全初見プレイ,2023-04-08T21:09:19,2h31m44s
1788950376,BiohazardRE4完全初見プレイ,2023-04-09T19:07:43,9h1m24s
1789824606,BiohazardRE4完全初見プレイ,2023-04-10T20:05:14,1h27m4s
1789865109,BiohazardRE4完全初見プレイ,2023-04-10T21:32:56,8h21m54s
1790808438,BiohazardRE4完全初見プレイ,2023-04-11T23:57:17,7m38s
1792480244,時間通り行動出来ないのが怖すぎて時間通り行動出来ない社不あるある,2023-04-13T20:45:31,3h4m58s
1797826467,絶 滅 ！ ！,2023-04-19T20:07:59,3h30m8s
1797930993,絶 滅 ！ ！,2023-04-19T23:38:27,50s
1800038307,STEAK TIME!!!!!!!!!,2023-04-22T07:57:48,2h38m52s
1801391269,STEAK TIME!!!!!!!!!,2023-04-23T19:57:22,1h31m44s
1803118491,アイドルです。,2023-04-25T20:02:58,3h30m32s
1803998464,Drops🎁崩壊スターレイル行くぞ！！！！！！！！！！,2023-04-26T20:45:18,38s
1803999183,Drops🎁崩壊スターレイル行くぞ！！！！！！！！！！,2023-04-26T20:47:07,9h11m20s
1807591061,シン・呼吸ちゃんお披露目します。,2023-04-30T19:59:56,2h15m52s
1811098469,秒～～～～～～～～～～～～～～～～～～～～～～～～～,2023-05-04T20:59:15,4h5m52s
1811944143,世界一コンプラ意識が高い案件配信,2023-05-05T21:25:24,30s
1811945329,世界一コンプラ意識が高い案件配信,2023-05-05T21:28:10,22s
1811954349,世界一コンプラ意識が高い案件配信,2023-05-05T21:47:29,2h9m42s
1812788645,世界一コンプラ意識が高い案件配信,2023-05-06T19:38:05,27m32s
1813703541,世界一コンプラ意識が高い案件配信,2023-05-07T20:02:42,10h27m24s
1814614174,負けたら激辛ペヤングSoloQ,2023-05-08T22:17:57,4h10m20s
1815383141,シルバー耐久SoloQ,2023-05-09T20:06:56,8h11m2s
1817146988,ゼルダ新作きた！！！！！,2023-05-11T23:51:48,9h16m48s
1817889633,天才チンパンジー攻略,2023-05-12T20:52:40,10h37m36s
1818836687,IQ9999999999999999999,2023-05-13T21:57:50,11h51m52s
1819752124,前半ゼルダ後半LoL,2023-05-14T22:28:02,13h42m50s
1821344098,前半ゼルダあったまったらLoL,2023-05-16T22:15:40,4h43m8s
1822957278,🐒14人で虫倒すゲーム🐒,2023-05-18T20:14:52,7h45m42s
1823829760,🐒ちんぱんゼルダ🐒,2023-05-19T21:58:51,1h27m26s
1823880670,🐒コンプラ意識が高い🐒,2023-05-19T23:26:23,10h30m46s
1827234956,🐒雑談→ゲーム🐒,2023-05-23T21:59:10,5h11m44s
1828076430,🐒雑談→ゲーム🐒,2023-05-24T22:11:54,8h18m40s
1828968918,🐒おま国されとる？？？？？？？？？？？🐒,2023-05-26T00:02:11,4h58m14s
1829679462,🐒いつもの🐒,2023-05-26T20:10:26,5h55m16s
1829880709,🐒初めてみた！指示厨歓迎🐒,2023-05-27T02:07:55,5h33m30s
1831257981,🐒振り分け戦！！！🐒,2023-05-28T13:12:07,3h14m58s
1831345680,🐒なにしよ～～～ね～～～🐒,2023-05-28T16:28:32,7h30m24s
1833185129,🐒天才ちんぱんじーとめちゃん11歳🐒,2023-05-30T23:02:24,2h2m42s
1833938086,🐒天才ちんぱんじーとめちゃん11歳🐒,2023-05-31T19:58:18,41m4s
1833954698,🐒天才ちんぱんじーとめちゃん11歳🐒,2023-05-31T20:42:37,37m34s
1833973408,🐒天才ちんぱんじーとめちゃん11歳🐒,2023-05-31T21:22:03,4h24m44s
1835232411,🐒Diablo4 気絶するまで🐒,2023-06-02T07:48:01,1h12m13s
1835376041,🐒Diablo4 HardCore 気絶するまで🐒,2023-06-02T10:23:06,2m50s
1835382280,🐒Diablo4 HardCore 気絶するまで🐒,2023-06-02T10:30:44,39h54m50s
1836798318,🐒HardCore 気絶するまで🐒,2023-06-04T02:25:50,23h51m2s
1837692706,🐒HardCore 現在折り返し🐒,2023-06-05T02:19:12,13h35m52s
1838225516,🐒HardCore 現在折り返し🐒,2023-06-05T15:57:07,2h1m22s
1838261009,🐒HardCore 現在折り返し🐒,2023-06-05T18:01:34,3h8m38s
1838741323,DROPS🐒HardCore Druid,2023-06-06T07:35:35,15h6m22s
1839597398,DROPS🐒HardCore Druid,2023-06-07T07:33:22,15h53m20s
1840457968,DROPS🐒HardCore Druid,2023-06-08T07:38:06,14h55m6s
1841337403,DROPS🐒HardCore Druid,2023-06-09T08:02:58,2h51m46s
1842353959,DROPS🐒HardCore Druid,2023-06-10T11:06:20,11h20m46s
1843136769,DROPS🐒HardCore Druid,2023-06-11T09:06:32,12h16m10s
1843970684,DROPS🐒HardCore Druid,2023-06-12T08:05:01,13h2m28s
1844827461,DROPS🐒HardCore Druid,2023-06-13T09:19:24,14h26m0s
1845946109,DROPS🐒HardCore Druid,2023-06-14T18:25:32,5h21m46s
1846600255,DROPS🐒HardCore Druid,2023-06-15T10:59:57,13h12m40s
1847469643,DROPS🐒HardCore Druid,2023-06-16T11:46:47,11h52m4s
1849204955,DROPS🐒HardCore Druid,2023-06-18T13:00:33,11h21m22s
1849879400,DROPS🐒HardCore Druid,2023-06-19T09:04:35,14h40m30s
1851022475,DROPS🐒HardCore CHALLENGE！！！！！！！！,2023-06-20T20:42:33,1h52m18s
1851842025,DROPS🐒HardCore CHALLENGE！！！！！！！！,2023-06-21T19:04:14,7h11m6s
1852545960,DROPS🐒HardCore CHALLENGE！！！！！！！！,2023-06-22T12:07:44,11h51m38s
1853547242,DROPS🐒HardCore CHALLENGE！！！！！！！！,2023-06-23T17:15:11,26m42s
1853555306,DROPS🐒HardCore CHALLENGE！！！！！！！！,2023-06-23T17:42:15,3m28s
1854359380,DROPS🐒HardCore CHALLENGE！！！！！！！！,2023-06-24T14:11:14,10h11m18s
1855257160,DROPS🐒HardCore CHALLENGE！！！！！！！！,2023-06-25T15:49:52,3h10m26s
1855973853,DROPS🐒HardCore CHALLENGE！！！！！！！！,2023-06-26T11:13:16,11h8m8s
1857807527,DROPS🐒HardCore CHALLENGE！！！！！！！！,2023-06-28T15:16:48,7h44m14s
1858626190,DROPS🐒HC 90Lv！！！！！！！！,2023-06-29T13:38:35,19m38s
1858696424,DROPS🐒HC 90Lv！！！！！！！！,2023-06-29T16:46:28,15m14s
1858703547,DROPS🐒HC ！！！！！！！！,2023-06-29T17:09:16,7h19m2s
1858906761,DROPS🐒HC ！！！！！！！！,2023-06-30T00:45:59,2m18s
1859622279,DROPS🐒HC ！！！！！！！！,2023-06-30T20:36:38,51m10s
1860464348,DROPS🐒HC ！！！！！！！！,2023-07-01T19:13:34,9h8m16s
1861249144,DROPS🐒HC ！！！！！！！！,2023-07-02T16:22:09,4h38m54s
1862112785,DROPS🐒HC ！！！！！！！！,2023-07-03T17:34:08,5h32m58s
1863032741,DROPS🐒HC ！！！！！！！！,2023-07-04T20:19:52,13h30m24s
1864844755,🐒HC 460H経過 ！！！！！！！！,2023-07-07T00:01:08,12h43m6s
1865415103,🐒HC 460H経過！！！！！！！！,2023-07-07T12:44:41,3m14s
1866414537,🐒HC 460H経過！！！！！！！！,2023-07-08T17:58:21,2m30s
1866466671,🐒HC 460H経過！！！！！！！！,2023-07-08T20:23:34,11h58m36s
1867234763,🐒HC 83LV~！！！！！！！！,2023-07-09T16:02:18,6h45m34s
1867791969,🐒HC 93LV~！！！！！！！！,2023-07-10T07:37:50,10h8m30s
1868118022,🐒HC 95LV~！！！！！！！！,2023-07-10T17:51:04,8h39m38s
1872050800,🐒HC 99LV~！！！！！！！！,2023-07-15T07:27:23,32m48s
1872079143,🐒PCお陀仏しましたオエ,2023-07-15T08:03:55,5h51m38s
1874013869,🐒PCお陀仏しましたオエ,2023-07-17T12:10:07,7h37m10s
1875056529,🐒マチュ卒ダンロン,2023-07-18T20:08:01,6h44m0s
1877031811,🐒HC 新シーズン1000位狙い駆け抜け！,2023-07-21T01:59:29,3h13m20s
1877193169,🐒HC 新シーズン1000位狙い駆け抜け！,2023-07-21T05:13:39,1h27m44s
1877259824,🐒HC 新シーズン1000位狙い駆け抜け！,2023-07-21T06:42:39,1h59m14s
1877358306,🐒HC 新シーズン1000位狙い駆け抜け！,2023-07-21T08:47:13,1h12m4s
1877423225,🐒HC 新シーズン1000位狙い駆け抜け！,2023-07-21T10:03:16,11m12s
1877436568,🐒HC 新シーズン1000位狙い駆け抜け！,2023-07-21T10:18:54,10h26m12s
1879368794,🐒HC 新シーズン1000位狙い駆け抜け！,2023-07-23T14:38:34,11h25m6s
1881174773,🐒HC  Lv80～Necro！！！！！,2023-07-25T19:26:22,3h4m34s
1881259891,🐒HC  Lv80～Necro！！！！！,2023-07-25T22:31:05,5m38s
1882041722,🐒HC  Lv89～Necro！！！！！,2023-07-26T18:25:57,7h14m22s
1882934288,🐒HC  Lv97～Necro！！！！！,2023-07-27T19:12:02,6h23m26s
1883818079,🐒Remnant2 あそぶぞ！！！！！,2023-07-28T20:21:17,8h27m36s
1884560843,🐒Remnant2 あそぶぞ！！！！！,2023-07-29T14:26:07,8h3m6s
1884753072,🐒Remnant2 あそぶぞ！！！！！,2023-07-29T22:29:49,28m4s
1884768715,🐒Remnant2 あそぶぞ！！！！！,2023-07-29T22:58:14,48m32s
1885428215,🐒Remnant2 あそぶぞ！！！！！,2023-07-30T15:07:10,5h42m16s
1885554742,🐒街路樹枯らしてみたｗｗｗｗｗｗｗｗｗ,2023-07-30T20:52:45,7m8s
1885559460,🐒街路樹枯らしてみたｗｗｗｗｗｗｗｗｗ,2023-07-30T21:01:21,6m24s
1886357152,🐒PCのゆくすえ,2023-07-31T19:01:48,1h40m14s